{"last_tab":"","tracking-code":"","smoothscroll":"1","logo":{"url":"http:\/\/themes.fruitfulcode.com\/zoner\/export\/wp-content\/themes\/zoner\/includes\/admin\/zoner-framework\/..\/zoner-options\/patterns\/images\/logo.png","id":"","height":"","width":"","thumbnail":""},"logo-retina":{"url":"http:\/\/themes.fruitfulcode.com\/zoner\/export\/wp-content\/themes\/zoner\/includes\/admin\/zoner-framework\/..\/zoner-options\/patterns\/images\/logo@2x.png","id":"","height":"","width":"","thumbnail":""},"logo-dimensions":{"width":"94px","height":"22px","units":"px"},"favicon":{"url":"http:\/\/themes.fruitfulcode.com\/zoner\/export\/wp-content\/themes\/zoner\/includes\/admin\/zoner-framework\/..\/zoner-options\/patterns\/favicon\/favicon-16x16.png","id":"","height":"","width":"","thumbnail":""},"favicon-iphone":{"url":"http:\/\/themes.fruitfulcode.com\/zoner\/export\/wp-content\/themes\/zoner\/includes\/admin\/zoner-framework\/..\/zoner-options\/patterns\/favicon\/favicon-57x57.png","id":"","height":"","width":"","thumbnail":""},"favicon-iphone-retina":{"url":"http:\/\/themes.fruitfulcode.com\/zoner\/export\/wp-content\/themes\/zoner\/includes\/admin\/zoner-framework\/..\/zoner-options\/patterns\/favicon\/favicon-114x114.png","id":"","height":"","width":"","thumbnail":""},"favicon-ipad":{"url":"http:\/\/themes.fruitfulcode.com\/zoner\/export\/wp-content\/themes\/zoner\/includes\/admin\/zoner-framework\/..\/zoner-options\/patterns\/favicon\/favicon-72x72.png","id":"","height":"","width":"","thumbnail":""},"favicon-ipad-retina":{"url":"http:\/\/themes.fruitfulcode.com\/zoner\/export\/wp-content\/themes\/zoner\/includes\/admin\/zoner-framework\/..\/zoner-options\/patterns\/favicon\/favicon-144x144.png","id":"","height":"","width":"","thumbnail":""},"pp-comments":"post","pp-breadcrumbs":"1","pp-post":"3","pp-date":"1","pp-thumbnail":"1","pp-tags":"1","pp-authors":"1","body-background":{"background-color":"#ffffff","background-repeat":"inherit","background-size":"inherit","background-attachment":"inherit","background-position":"","background-image":"","media":{"id":"","height":"","width":"","thumbnail":""}},"header-background-color":"#FFFFFF","header-phone":"810-991-3842","header-email":"zoner@example.com","page-register-account":"468","page-signin":"7","page-compare":"1880","header-front-page-variations":"1","slider-scount":"5","slider-sorderby":"date","slider-only-gallery-images":"","slider-sorder":"DESC","zoner-searchbox":{"enabled":{"placebo":"placebo","zip":"Zip Code","status":"Property Status","type":"Property Type","country":"Country","city":"City","price":"Price"},"disabled":{"placebo":"placebo","condition":"Condition","payment":"Payment","beds":"Beds","baths":"Baths","garages":"Garages","district":"District","area":"Area"}},"zoner-searchbox-submit":"Search Now","zoner-searchbox-advancedimg":{"url":"http:\/\/themes.fruitfulcode.com\/zoner\/export\/wp-content\/themes\/zoner\/includes\/admin\/zoner-framework\/..\/zoner-options\/patterns\/images\/searchbox-bg.jpg","id":"","height":"","width":"","thumbnail":""},"zoner-searchbox-advancedcolor":"#1396e2","zoner-searchbox-advancedfcolor":"#ffffff","menu-link-color":{"regular":"#2a2a2a","hover":"#2a2a2a","active":"#2a2a2a"},"submenu-link-color":{"regular":"#2a2a2a","hover":"#ffffff","active":"#ffffff"},"submenu-itembg-color":{"regular":"#f3f3f3","hover":"#1396e2","active":"#1396e2"},"submenu-color":"#f3f3f3","submenu-itemborder-color":{"color":"#000000","alpha":"0.1"},"underline-item-color":"#1396e2","general-typography":{"font-family":"Roboto","font-options":"","google":"true","font-weight":"400","font-style":"","font-size":"14px","color":"#5a5a5a"},"hone-typography":{"font-family":"Roboto","font-options":"","google":"1","font-weight":"300","font-style":"","font-size":"28px","color":"#5a5a5a"},"htwo-typography":{"font-family":"Roboto","font-options":"","google":"1","font-weight":"300","font-style":"","font-size":"24px","color":"#5a5a5a"},"hthree-typography":{"font-family":"Roboto","font-options":"","google":"1","font-weight":"300","font-style":"","font-size":"18px","color":"#5a5a5a"},"hfour-typography":{"font-family":"Roboto","font-options":"","google":"1","font-weight":"400","font-style":"","font-size":"14px","color":"#5a5a5a"},"hfive-typography":{"font-family":"Roboto","font-options":"","google":"1","font-weight":"400","font-style":"","font-size":"14px","color":"#5a5a5a"},"hsix-typography":{"font-family":"Roboto","font-options":"","google":"1","font-weight":"400","font-style":"","font-size":"14px","color":"#5a5a5a"},"p-typography":{"font-family":"Arial, Helvetica, sans-serif","font-options":"","google":"1","font-weight":"400","font-style":"","text-align":"inherit","font-size":"14px","line-height":"20px","color":"#5a5a5a"},"p-opacity":"0.7","content-link-color":{"regular":"#1396e2","hover":"#2a6496","active":"#2a6496"},"page-property-archive":"5","page-property-num-of-posts":"24","property-default-orderby":"menu_order","page-property-grid":"1","page-property-excerpt-limit":"22","currency":"USD","currency-position":"left","thousand-sep":",","decimal-sep":".","number-decimal":"2","default-country":"US","prop-ggmaps-marker":{"url":"http:\/\/themes.fruitfulcode.com\/zoner\/export\/wp-content\/themes\/zoner\/includes\/admin\/zoner-framework\/..\/zoner-options\/patterns\/images\/icons\/marker.png","id":"","height":"","width":"","thumbnail":""},"geo-center-lat":"40.7056308","geo-center-lng":"-73.9780035","prop-layout":"3","area-unit":"m","emails-from-name":"Zoner","emails-from-email":"zoner@example.com","emails-footer-text":"With respect, \r\nteam Zoner","facebook-api-key":"","facebook-secret-code":"","google-oauth-client-id":"","google-client-secret":"","google-api-key":"","facebook-url":"","twitter-url":"","linkedin-url":"","myspace-url":"","gplus-url":"","dribbble-url":"","flickr-url":"","youtube-url":"","delicious-url":"","deviantart-url":"","rss-url":"","instagram-url":"","pinterest-url":"","vimeo-url":"","picassa-url":"","tumblr-url":"","email-address":"","skype-username":"","pp-agency-archive-layout":"3","pp-author-agents-layout":"3","404-image":{"url":"http:\/\/themes.fruitfulcode.com\/zoner\/export\/wp-content\/themes\/zoner\/includes\/admin\/zoner-framework\/..\/zoner-options\/patterns\/images\/error-page-background.png","id":"","height":"","width":"","thumbnail":""},"404-text":"404","page-tasp":"1878","page-tasa":"1882","footer-text":"\u00a9 <a title=\"Web Design\" href=\"http:\/\/www.theme-starz.com\/\" target=\"_blank\">Theme Starz<\/a> &amp; <a title=\"WordPress Development\" href=\"http:\/\/fruitfulcode.com\/\" target=\"_blank\">Fruitful Code<\/a>, Powered by <a href=\"http:\/\/wordpress.org\/\" target=\"_blank\">WordPress<\/a>","footer-issocial":"1","footer-widget-areas":"4","switch-footer-thumbnails":"1","footer-thumbnails-mask-color":"#1396e2","footer-copyright-color":"#ffffff","footer-copyright-bg-color":"#073855","custom-css":"                                            ","custom-js":"                                            ","zoner-backup":"1"}